{"resources":["assets/sounds/effects.mp3"],"spritemap":{"Bead Hit Sound 0":{"start":0,"end":0.09598639455782312,"loop":false},"booster_bomb_pop":{"start":2,"end":4.375918367346939,"loop":false},"booster_rocket_pop":{"start":6,"end":8.09673469387755,"loop":false},"bubble_bomb":{"start":10,"end":10.97718820861678,"loop":false},"bubble_rocket":{"start":12,"end":13.334557823129252,"loop":false},"button":{"start":15,"end":15.183038548752835,"loop":false},"change_bubble":{"start":17,"end":17.163356009070295,"loop":false},"common_getitem":{"start":19,"end":21.002063492063492,"loop":false},"congratulation":{"start":23,"end":25.718004535147394,"loop":false},"daily_reward":{"start":27,"end":27.914285714285715,"loop":false},"diamonds_eat":{"start":29,"end":30.488979591836735,"loop":false},"endanger_time":{"start":32,"end":35.02149659863946,"loop":false},"game_over_scene":{"start":37,"end":40.99673469387755,"loop":false},"gameover":{"start":42,"end":42.63770975056689,"loop":false},"gift_charge":{"start":44,"end":45.69795918367347,"loop":false},"gift_explode":{"start":47,"end":49.84734693877551,"loop":false},"gift_reveal":{"start":51,"end":52.12326530612245,"loop":false},"popup_in":{"start":54,"end":54.20829931972789,"loop":false},"popup_off":{"start":56,"end":56.181496598639455,"loop":false},"popup_out":{"start":58,"end":58.181496598639455,"loop":false},"popup_show":{"start":60,"end":60.20829931972789,"loop":false},"PopupClose":{"start":62,"end":62.28616780045351,"loop":false},"PopupOpen":{"start":64,"end":64.20725623582767,"loop":false},"receive-stamp":{"start":66,"end":68.00163265306122,"loop":false},"rolling":{"start":70,"end":72.07167800453514,"loop":false},"score_counter":{"start":74,"end":77.03020408163265,"loop":false},"SFX_Potion_Drink":{"start":79,"end":79.33591836734693,"loop":false},"Star_note_1":{"start":81,"end":82.3333560090703,"loop":false},"Star_note_10":{"start":84,"end":85.3333560090703,"loop":false},"Star_note_11":{"start":87,"end":88.3333560090703,"loop":false},"Star_note_12":{"start":90,"end":91.3333560090703,"loop":false},"Star_note_13":{"start":93,"end":94.3333560090703,"loop":false},"Star_note_14":{"start":96,"end":97.3333560090703,"loop":false},"Star_note_15":{"start":99,"end":100.3333560090703,"loop":false},"Star_note_16":{"start":102,"end":103.3333560090703,"loop":false},"Star_note_2":{"start":105,"end":106.3333560090703,"loop":false},"Star_note_3":{"start":108,"end":109.3333560090703,"loop":false},"Star_note_4":{"start":111,"end":112.3333560090703,"loop":false},"Star_note_5":{"start":114,"end":115.3333560090703,"loop":false},"Star_note_6":{"start":117,"end":118.3333560090703,"loop":false},"Star_note_7":{"start":120,"end":121.32108843537415,"loop":false},"Star_note_8":{"start":123,"end":124.3333560090703,"loop":false},"Star_note_9":{"start":126,"end":127.3333560090703,"loop":false},"start_game":{"start":129,"end":131.93913832199547,"loop":false},"start_level":{"start":133,"end":136.67201814058956,"loop":false},"Tab 3":{"start":138,"end":138.27863945578233,"loop":false},"ticktock":{"start":140,"end":141.66312925170067,"loop":false}}}