{"resources":["assets/sounds/effects.mp3"],"spritemap":{"button_click":{"start":0,"end":0.2089795918367347,"loop":false},"congratulation":{"start":2,"end":4.718004535147392,"loop":false},"daily_reward":{"start":6,"end":6.914285714285715,"loop":false},"diamonds_eat":{"start":8,"end":9.488979591836735,"loop":false},"drop_dice":{"start":11,"end":11.389795918367348,"loop":false},"game_over_scene":{"start":13,"end":16.99673469387755,"loop":false},"gift_charge":{"start":18,"end":19.69795918367347,"loop":false},"gift_explode":{"start":21,"end":23.84734693877551,"loop":false},"gift_reveal":{"start":25,"end":26.12326530612245,"loop":false},"invalid_move":{"start":28,"end":28.57469387755102,"loop":false},"magnet_bonus":{"start":30,"end":31.017891156462586,"loop":false},"merge_dice":{"start":33,"end":34.01875283446712,"loop":false},"merge_finish":{"start":36,"end":36.88816326530612,"loop":false},"pickup_dice":{"start":38,"end":38.0559410430839,"loop":false},"popup_off":{"start":40,"end":40.91428571428571,"loop":false},"popup_show":{"start":42,"end":42.33959183673469,"loop":false},"rescue_timer":{"start":44,"end":48.04897959183673,"loop":false},"score_counter":{"start":50,"end":53.030204081632654,"loop":false},"score_reached":{"start":55,"end":57,"loop":false},"shuffle_dices":{"start":58,"end":58.84848072562358,"loop":false},"start_game":{"start":60,"end":63.12308390022676,"loop":false},"start_level":{"start":65,"end":68.67201814058957,"loop":false},"you_lose":{"start":70,"end":72.11591836734694,"loop":false},"you_win":{"start":74,"end":79.25061224489797,"loop":false}}}